{
  "accuracy": 0.9921,
  "classification_report": {
    "0": {
      "precision": 0.9888551165146909,
      "recall": 0.9959183673469387,
      "f1-score": 0.9923741738688358,
      "support": 980.0
    },
    "1": {
      "precision": 0.9938542581211589,
      "recall": 0.9973568281938326,
      "f1-score": 0.9956024626209323,
      "support": 1135.0
    },
    "2": {
      "precision": 0.9912959381044487,
      "recall": 0.9932170542635659,
      "f1-score": 0.9922555663117134,
      "support": 1032.0
    },
    "3": {
      "precision": 0.9901671583087512,
      "recall": 0.997029702970297,
      "f1-score": 0.9935865811544153,
      "support": 1010.0
    },
    "4": {
      "precision": 0.996938775510204,
      "recall": 0.994908350305499,
      "f1-score": 0.9959225280326198,
      "support": 982.0
    },
    "5": {
      "precision": 0.9932356257046223,
      "recall": 0.9876681614349776,
      "f1-score": 0.9904440697020798,
      "support": 892.0
    },
    "6": {
      "precision": 0.9947423764458465,
      "recall": 0.9874739039665971,
      "f1-score": 0.9910948140387638,
      "support": 958.0
    },
    "7": {
      "precision": 0.9902723735408561,
      "recall": 0.9902723735408561,
      "f1-score": 0.9902723735408561,
      "support": 1028.0
    },
    "8": {
      "precision": 0.9917610710607621,
      "recall": 0.9887063655030801,
      "f1-score": 0.9902313624678664,
      "support": 974.0
    },
    "9": {
      "precision": 0.9900596421471173,
      "recall": 0.9871159563924677,
      "f1-score": 0.9885856079404467,
      "support": 1009.0
    },
    "accuracy": 0.9921,
    "macro avg": {
      "precision": 0.9921182335458457,
      "recall": 0.9919667063918112,
      "f1-score": 0.9920369539678531,
      "support": 10000.0
    },
    "weighted avg": {
      "precision": 0.9921057549621831,
      "recall": 0.9921,
      "f1-score": 0.99209747668729,
      "support": 10000.0
    }
  },
  "reference_cnn_model": "model_2_lenet5_improved",
  "feature_shapes": {
    "train_features": [
      60000,
      84
    ],
    "train_labels": [
      60000
    ],
    "test_features": [
      10000,
      84
    ],
    "test_labels": [
      10000
    ]
  }
}