{
  "accuracy": 0.9901,
  "classification_report": {
    "0": {
      "precision": 0.9898580121703854,
      "recall": 0.9959183673469387,
      "f1-score": 0.9928789420142421,
      "support": 980.0
    },
    "1": {
      "precision": 0.9938542581211589,
      "recall": 0.9973568281938326,
      "f1-score": 0.9956024626209323,
      "support": 1135.0
    },
    "2": {
      "precision": 0.9884169884169884,
      "recall": 0.9922480620155039,
      "f1-score": 0.9903288201160542,
      "support": 1032.0
    },
    "3": {
      "precision": 0.9862879529872673,
      "recall": 0.997029702970297,
      "f1-score": 0.9916297390448056,
      "support": 1010.0
    },
    "4": {
      "precision": 0.9908722109533469,
      "recall": 0.994908350305499,
      "f1-score": 0.9928861788617886,
      "support": 982.0
    },
    "5": {
      "precision": 0.9843924191750278,
      "recall": 0.9899103139013453,
      "f1-score": 0.9871436556735607,
      "support": 892.0
    },
    "6": {
      "precision": 0.9957716701902748,
      "recall": 0.9832985386221295,
      "f1-score": 0.9894957983193278,
      "support": 958.0
    },
    "7": {
      "precision": 0.9892787524366472,
      "recall": 0.9873540856031129,
      "f1-score": 0.9883154819863681,
      "support": 1028.0
    },
    "8": {
      "precision": 0.9927385892116183,
      "recall": 0.9825462012320328,
      "f1-score": 0.9876160990712074,
      "support": 974.0
    },
    "9": {
      "precision": 0.988988988988989,
      "recall": 0.979187314172448,
      "f1-score": 0.9840637450199203,
      "support": 1009.0
    },
    "accuracy": 0.9901,
    "macro avg": {
      "precision": 0.9900459842651704,
      "recall": 0.989975776436314,
      "f1-score": 0.9899960922728207,
      "support": 10000.0
    },
    "weighted avg": {
      "precision": 0.9901142241847439,
      "recall": 0.9901,
      "f1-score": 0.990092559503919,
      "support": 10000.0
    }
  }
}