{
  "accuracy": 0.9837,
  "classification_report": {
    "0": {
      "precision": 0.9664031620553359,
      "recall": 0.9979591836734694,
      "f1-score": 0.9819277108433735,
      "support": 980.0
    },
    "1": {
      "precision": 0.9865951742627346,
      "recall": 0.9726872246696036,
      "f1-score": 0.9795918367346939,
      "support": 1135.0
    },
    "2": {
      "precision": 0.9902248289345064,
      "recall": 0.9815891472868217,
      "f1-score": 0.9858880778588808,
      "support": 1032.0
    },
    "3": {
      "precision": 0.9852652259332023,
      "recall": 0.9930693069306931,
      "f1-score": 0.9891518737672583,
      "support": 1010.0
    },
    "4": {
      "precision": 0.9938144329896907,
      "recall": 0.9816700610997964,
      "f1-score": 0.9877049180327869,
      "support": 982.0
    },
    "5": {
      "precision": 0.9953650057937428,
      "recall": 0.9630044843049327,
      "f1-score": 0.978917378917379,
      "support": 892.0
    },
    "6": {
      "precision": 0.9989373007438895,
      "recall": 0.9812108559498957,
      "f1-score": 0.9899947340705635,
      "support": 958.0
    },
    "7": {
      "precision": 0.9667616334283001,
      "recall": 0.9902723735408561,
      "f1-score": 0.9783757808745795,
      "support": 1028.0
    },
    "8": {
      "precision": 0.9767441860465116,
      "recall": 0.9917864476386037,
      "f1-score": 0.9842078451349975,
      "support": 974.0
    },
    "9": {
      "precision": 0.9802371541501976,
      "recall": 0.9831516352824579,
      "f1-score": 0.9816922315685305,
      "support": 1009.0
    },
    "accuracy": 0.9837,
    "macro avg": {
      "precision": 0.9840348104338112,
      "recall": 0.9836400720377128,
      "f1-score": 0.9837452387803044,
      "support": 10000.0
    },
    "weighted avg": {
      "precision": 0.9838902900643063,
      "recall": 0.9837,
      "f1-score": 0.983705747247098,
      "support": 10000.0
    }
  }
}