{
  "accuracy": 0.9879,
  "classification_report": {
    "0": {
      "precision": 0.9868421052631579,
      "recall": 0.9948979591836735,
      "f1-score": 0.9908536585365854,
      "support": 980.0
    },
    "1": {
      "precision": 0.9938488576449912,
      "recall": 0.9964757709251101,
      "f1-score": 0.9951605807303123,
      "support": 1135.0
    },
    "2": {
      "precision": 0.9951171875,
      "recall": 0.9874031007751938,
      "f1-score": 0.9912451361867705,
      "support": 1032.0
    },
    "3": {
      "precision": 0.9795918367346939,
      "recall": 0.998019801980198,
      "f1-score": 0.988719960765081,
      "support": 1010.0
    },
    "4": {
      "precision": 0.9968684759916493,
      "recall": 0.9725050916496945,
      "f1-score": 0.9845360824742269,
      "support": 982.0
    },
    "5": {
      "precision": 0.9942857142857143,
      "recall": 0.9753363228699552,
      "f1-score": 0.9847198641765704,
      "support": 892.0
    },
    "6": {
      "precision": 0.9947201689545935,
      "recall": 0.9832985386221295,
      "f1-score": 0.988976377952756,
      "support": 958.0
    },
    "7": {
      "precision": 0.991236611489776,
      "recall": 0.9902723735408561,
      "f1-score": 0.9907542579075426,
      "support": 1028.0
    },
    "8": {
      "precision": 0.9865702479338843,
      "recall": 0.9804928131416838,
      "f1-score": 0.9835221421215242,
      "support": 974.0
    },
    "9": {
      "precision": 0.9617590822179732,
      "recall": 0.9970267591674926,
      "f1-score": 0.9790754257907542,
      "support": 1009.0
    },
    "accuracy": 0.9879,
    "macro avg": {
      "precision": 0.9880840288016433,
      "recall": 0.9875728531855987,
      "f1-score": 0.9877563486642122,
      "support": 10000.0
    },
    "weighted avg": {
      "precision": 0.9880567603669186,
      "recall": 0.9879,
      "f1-score": 0.9879072955504358,
      "support": 10000.0
    }
  }
}